Name1;LastName1;1990-01-01
Name2;LastName2;1990-01-02
Name3;LastName3;1970-01-03
Name4;LastName4;1990-01-04
Name5;LastName5;1990-01-05
Name6;LastName6;1990-01-06
Name7;LastName7;1990-01-07
Name8;LastName8;1990-01-08
Name9;LastName9;1980-01-09
Name10;LastName10;1990-01-10
Name11;LastName11;1990-01-11
Name12;LastName12;1990-01-12
Name13;LastName13;1990-01-13
Name14;LastName14;1990-01-14
Name15;LastName15;1990-01-15
Name16;LastName16;1990-01-16
Name17;LastName17;1990-01-17
Name18;LastName18;1990-01-18
Name19;LastName19;1990-01-19
Name20;LastName20;1990-01-20
Name21;LastName21;1990-01-21
Name22;LastName22;1990-01-22
Name23;LastName23;1990-01-23
Name24;LastName24;1990-01-24
Name25;LastName25;1990-01-25
Name26;LastName26;1990-01-26
Name27;LastName27;1990-01-27
Name28;LastName28;1990-01-28
Name29;LastName29;1990-01-29
Name30;LastName30;1990-01-30
Name31;LastName31;1990-01-31
Name32;LastName32;1990-02-01
Name33;LastName33;1990-02-02
Name34;LastName34;1990-02-03
Name35;LastName35;1990-02-04
Name36;LastName36;1990-02-05
Name37;LastName37;1990-02-06
Name38;LastName38;1990-02-07
Name39;LastName39;1990-02-08
Name40;LastName40;1990-02-09
Name41;LastName41;1990-02-10
Name42;LastName42;1990-02-11
Name43;LastName43;1990-02-12
Name44;LastName44;1990-02-13
Name45;LastName45;1990-02-14
Name46;LastName46;1990-02-15
Name47;LastName47;1990-02-16
Name48;LastName48;1990-02-17
Name49;LastName49;1990-02-18
Name50;LastName50;1990-02-19
Name51;LastName51;1990-02-20
Name52;LastName52;1990-02-21
Name53;LastName53;1990-02-22
Name54;LastName54;1990-02-23
Name55;LastName55;1990-02-24
Name56;LastName56;1990-02-25
Name57;LastName57;1990-02-26
Name58;LastName58;1990-02-27
Name59;LastName59;1990-02-28
Name60;LastName60;1990-03-01
Name61;LastName61;1990-03-02
Name62;LastName62;1990-03-03
Name63;LastName63;1990-03-04
Name64;LastName64;1990-03-05
Name65;LastName65;1990-03-06
Name66;LastName66;1990-03-07
Name67;LastName67;1990-03-08
Name68;LastName68;1990-03-09
Name69;LastName69;1990-03-10
Name70;LastName70;1990-03-11
Name71;LastName71;1990-03-12
Name72;LastName72;1990-03-13
Name73;LastName73;1990-03-14
Name74;LastName74;1990-03-15
Name75;LastName75;1990-03-16
Name76;LastName76;1990-03-17
Name77;LastName77;1990-03-18
Name78;LastName78;1990-03-19
Name79;LastName79;1990-03-20
Name80;LastName80;1990-03-21
Name81;LastName81;1990-03-22
Name82;LastName82;1990-03-23
Name83;LastName83;1990-03-24
Name84;LastName84;1990-03-25
Name85;LastName85;1990-03-26
Name86;LastName86;1990-03-27
Name87;LastName87;1990-03-28
Name88;LastName88;1990-03-29
Name89;LastName89;1990-03-30
Name90;LastName90;1990-03-31
Name91;LastName91;1990-04-01
Name92;LastName92;1990-04-02
Name93;LastName93;1990-04-03
Name94;LastName94;1990-04-04
Name95;LastName95;1990-04-05
Name96;LastName96;1990-04-06
Name97;LastName97;1990-04-07
Name98;LastName98;1990-04-08
Name99;LastName99;1990-04-09
Name100;LastName100;1990-04-10
Name101;LastName101;1990-04-11
Name102;LastName102;1990-04-12
Name103;LastName103;1990-04-13
Name104;LastName104;1990-04-14
Name105;LastName105;1990-04-15
Name106;LastName106;1990-04-16
Name107;LastName107;1990-04-17
Name108;LastName108;1990-04-18
Name109;LastName109;1990-04-19
Name110;LastName110;1990-04-20
Name111;LastName111;1990-04-21
Name112;LastName112;1990-04-22
Name113;LastName113;1990-04-23
Name114;LastName114;1990-04-24
Name115;LastName115;1990-04-25
Name116;LastName116;1990-04-26
Name117;LastName117;1990-04-27
Name118;LastName118;1990-04-28
Name119;LastName119;1990-04-29
Name120;LastName120;1990-04-30
Name121;LastName121;1990-05-01
Name122;LastName122;1990-05-02
Name123;LastName123;1990-05-03
Name124;LastName124;1990-05-04
Name125;LastName125;1990-05-05
Name126;LastName126;1990-05-06
Name127;LastName127;1990-05-07
Name128;LastName128;1990-05-08
Name129;LastName129;1990-05-09
Name130;LastName130;1990-05-10
Name131;LastName131;1990-05-11
Name132;LastName132;1990-05-12
Name133;LastName133;1990-05-13
Name134;LastName134;1990-05-14
Name135;LastName135;1990-05-15
Name136;LastName136;1990-05-16
Name137;LastName137;1990-05-17
Name138;LastName138;1990-05-18
Name139;LastName139;1990-05-19
Name140;LastName140;1990-05-20
Name141;LastName141;1990-05-21
Name142;LastName142;1990-05-22
Name143;LastName143;1990-05-23
Name144;LastName144;1990-05-24
Name145;LastName145;1990-05-25
Name146;LastName146;1990-05-26
Name147;LastName147;1990-05-27
Name148;LastName148;1990-05-28
Name149;LastName149;1990-05-29
Name150;LastName150;1990-05-30
Name151;LastName151;1990-05-31
Name152;LastName152;1990-06-01
Name153;LastName153;1990-06-02
Name154;LastName154;1990-06-03
Name155;LastName155;1990-06-04
Name156;LastName156;1990-06-05
Name157;LastName157;1990-06-06
Name158;LastName158;1990-06-07
Name159;LastName159;1990-06-08
Name160;LastName160;1990-06-09
Name161;LastName161;1990-06-10
Name162;LastName162;1990-06-11
Name163;LastName163;1990-06-12
Name164;LastName164;1990-06-13
Name165;LastName165;1990-06-14
Name166;LastName166;1990-06-15
Name167;LastName167;1990-06-16
Name168;LastName168;1990-06-17
Name169;LastName169;1990-06-18
Name170;LastName170;1990-06-19
Name171;LastName171;1990-06-20
Name172;LastName172;1990-06-21
Name173;LastName173;1990-06-22
Name174;LastName174;1990-06-23
Name175;LastName175;1990-06-24
Name176;LastName176;1990-06-25
Name177;LastName177;1990-06-26
Name178;LastName178;1990-06-27
Name179;LastName179;1990-06-28
Name180;LastName180;1990-06-29
Name181;LastName181;1990-06-30
Name182;LastName182;1990-07-01
Name183;LastName183;1990-07-02
Name184;LastName184;1990-07-03
Name185;LastName185;1990-07-04
Name186;LastName186;1990-07-05
Name187;LastName187;1990-07-06
Name188;LastName188;1990-07-07
Name189;LastName189;1990-07-08
Name190;LastName190;1990-07-09
Name191;LastName191;1990-07-10
Name192;LastName192;1990-07-11
Name193;LastName193;1990-07-12
Name194;LastName194;1990-07-13
Name195;LastName195;1990-07-14
Name196;LastName196;1990-07-15
Name197;LastName197;1990-07-16
Name198;LastName198;1990-07-17
Name199;LastName199;1990-07-18
Name200;LastName200;1990-07-19
Name201;LastName201;1990-07-20
Name202;LastName202;1990-07-21
Name203;LastName203;1990-07-22
Name204;LastName204;1990-07-23
Name205;LastName205;1990-07-24
Name206;LastName206;1990-07-25
Name207;LastName207;1990-07-26
Name208;LastName208;1990-07-27
Name209;LastName209;1990-07-28
Name210;LastName210;1990-07-29
Name211;LastName211;1990-07-30
Name212;LastName212;1990-07-31
Name213;LastName213;1990-08-01
Name214;LastName214;1990-08-02
Name215;LastName215;1990-08-03
Name216;LastName216;1990-08-04
Name217;LastName217;1990-08-05
Name218;LastName218;1990-08-06
Name219;LastName219;1990-08-07
Name220;LastName220;1990-08-08
Name221;LastName221;1990-08-09
Name222;LastName222;1990-08-10
Name223;LastName223;1990-08-11
Name224;LastName224;1990-08-12
Name225;LastName225;1990-08-13
Name226;LastName226;1990-08-14
Name227;LastName227;1990-08-15
Name228;LastName228;1990-08-16
Name229;LastName229;1990-08-17
Name230;LastName230;1990-08-18
Name231;LastName231;1990-08-19
Name232;LastName232;1990-08-20
Name233;LastName233;1990-08-21
Name234;LastName234;1990-08-22
Name235;LastName235;1990-08-23
Name236;LastName236;1990-08-24
Name237;LastName237;1990-08-25
Name238;LastName238;1990-08-26
Name239;LastName239;1990-08-27
Name240;LastName240;1990-08-28
Name241;LastName241;1990-08-29
Name242;LastName242;1990-08-30
Name243;LastName243;1990-08-31
Name244;LastName244;1990-09-01
Name245;LastName245;1990-09-02
Name246;LastName246;1990-09-03
Name247;LastName247;1990-09-04
Name248;LastName248;1990-09-05
Name249;LastName249;1990-09-06
Name250;LastName250;1990-09-07
Name251;LastName251;1990-09-08
Name252;LastName252;1990-09-09
Name253;LastName253;1990-09-10
Name254;LastName254;1990-09-11
Name255;LastName255;1990-09-12
Name256;LastName256;1990-09-13
Name257;LastName257;1990-09-14
Name258;LastName258;1990-09-15
Name259;LastName259;1990-09-16
Name260;LastName260;1990-09-17
Name261;LastName261;1990-09-18
Name262;LastName262;1990-09-19
Name263;LastName263;1990-09-20
Name264;LastName264;1990-09-21
Name265;LastName265;1990-09-22
Name266;LastName266;1990-09-23
Name267;LastName267;1990-09-24
Name268;LastName268;1990-09-25
Name269;LastName269;1990-09-26
Name270;LastName270;1990-09-27
Name271;LastName271;1990-09-28
Name272;LastName272;1990-09-29
Name273;LastName273;1990-09-30
Name274;LastName274;1990-10-01
Name275;LastName275;1990-10-02
Name276;LastName276;1990-10-03
Name277;LastName277;1990-10-04
Name278;LastName278;1990-10-05
Name279;LastName279;1990-10-06
Name280;LastName280;1990-10-07
Name281;LastName281;1990-10-08
Name282;LastName282;1990-10-09
Name283;LastName283;1990-10-10
Name284;LastName284;1990-10-11
Name285;LastName285;1990-10-12
Name286;LastName286;1990-10-13
Name287;LastName287;1990-10-14
Name288;LastName288;1990-10-15
Name289;LastName289;1990-10-16
Name290;LastName290;1990-10-17
Name291;LastName291;1990-10-18
Name292;LastName292;1990-10-19
Name293;LastName293;1990-10-20
Name294;LastName294;1990-10-21
Name295;LastName295;1990-10-22
Name296;LastName296;1990-10-23
Name297;LastName297;1990-10-24
Name298;LastName298;1990-10-25
Name299;LastName299;1990-10-26
Name300;LastName300;1990-10-27
Name301;LastName301;1990-10-28
Name302;LastName302;1990-10-29
Name303;LastName303;1990-10-30
Name304;LastName304;1990-10-31
Name305;LastName305;1990-11-01
Name306;LastName306;1990-11-02
Name307;LastName307;1990-11-03
Name308;LastName308;1990-11-04
Name309;LastName309;1990-11-05
Name310;LastName310;1990-11-06
Name311;LastName311;1990-11-07
Name312;LastName312;1990-11-08
Name313;LastName313;1990-11-09
Name314;LastName314;1990-11-10
Name315;LastName315;1990-11-11
Name316;LastName316;1990-11-12
Name317;LastName317;1990-11-13
Name318;LastName318;1990-11-14
Name319;LastName319;1990-11-15
Name320;LastName320;1990-11-16
Name321;LastName321;1990-11-17
Name322;LastName322;1990-11-18
Name323;LastName323;1990-11-19
Name324;LastName324;1990-11-20
Name325;LastName325;1990-11-21
Name326;LastName326;1990-11-22
Name327;LastName327;1990-11-23
Name328;LastName328;1990-11-24
Name329;LastName329;1990-11-25
Name330;LastName330;1990-11-26
Name331;LastName331;1990-11-27
Name332;LastName332;1990-11-28
Name333;LastName333;1990-11-29
Name334;LastName334;1990-11-30
Name335;LastName335;1990-12-01
Name336;LastName336;1990-12-02
Name337;LastName337;1990-12-03
Name338;LastName338;1990-12-04
Name339;LastName339;1990-12-05
Name340;LastName340;1990-12-06
Name341;LastName341;1990-12-07
Name342;LastName342;1990-12-08
Name343;LastName343;1990-12-09
Name344;LastName344;1990-12-10
Name345;LastName345;1990-12-11
Name346;LastName346;1990-12-12
Name347;LastName347;1990-12-13
Name348;LastName348;1990-12-14
Name349;LastName349;1990-12-15
Name350;LastName350;1990-12-16
Name351;LastName351;1990-12-17
Name352;LastName352;1990-12-18
Name353;LastName353;1990-12-19
Name354;LastName354;1990-12-20
Name355;LastName355;1990-12-21
Name356;LastName356;1990-12-22
Name357;LastName357;1990-12-23
Name358;LastName358;1990-12-24
Name359;LastName359;1990-12-25
Name360;LastName360;1990-12-26
Name361;LastName361;1990-12-27
Name362;LastName362;1990-12-28
Name363;LastName363;1990-12-29
Name364;LastName364;1990-12-30
Name365;LastName365;1990-12-31
Name366;LastName366;1991-01-01
Name367;LastName367;1991-01-02
Name368;LastName368;1991-01-03
Name369;LastName369;1991-01-04
Name370;LastName370;1991-01-05
Name371;LastName371;1991-01-06
Name372;LastName372;1991-01-07
Name373;LastName373;1991-01-08
Name374;LastName374;1991-01-09
Name375;LastName375;1991-01-10
Name376;LastName376;1991-01-11
Name377;LastName377;1991-01-12
Name378;LastName378;1991-01-13
Name379;LastName379;1991-01-14
Name380;LastName380;1991-01-15
Name381;LastName381;1991-01-16
Name382;LastName382;1991-01-17
Name383;LastName383;1991-01-18
Name384;LastName384;1991-01-19
Name385;LastName385;1991-01-20
Name386;LastName386;1991-01-21
Name387;LastName387;1991-01-22
Name388;LastName388;1991-01-23
Name389;LastName389;1991-01-24
Name390;LastName390;1991-01-25
Name391;LastName391;1991-01-26
Name392;LastName392;1991-01-27
Name393;LastName393;1991-01-28
Name394;LastName394;1991-01-29
Name395;LastName395;1991-01-30
Name396;LastName396;1991-01-31
Name397;LastName397;1991-02-01
Name398;LastName398;1991-02-02
Name399;LastName399;1991-02-03
Name400;LastName400;1991-02-04
Name401;LastName401;1991-02-05
Name402;LastName402;1991-02-06
Name403;LastName403;1991-02-07
Name404;LastName404;1991-02-08
Name405;LastName405;1991-02-09
Name406;LastName406;1991-02-10
Name407;LastName407;1991-02-11
Name408;LastName408;1991-02-12
Name409;LastName409;1991-02-13
Name410;LastName410;1991-02-14
Name411;LastName411;1991-02-15
Name412;LastName412;1991-02-16
Name413;LastName413;1991-02-17
Name414;LastName414;1991-02-18
Name415;LastName415;1991-02-19
Name416;LastName416;1991-02-20
Name417;LastName417;1991-02-21
Name418;LastName418;1991-02-22
Name419;LastName419;1991-02-23
Name420;LastName420;1991-02-24
Name421;LastName421;1991-02-25
Name422;LastName422;1991-02-26
Name423;LastName423;1991-02-27
Name424;LastName424;1991-02-28
Name425;LastName425;1991-03-01
Name426;LastName426;1991-03-02
Name427;LastName427;1991-03-03
Name428;LastName428;1991-03-04
Name429;LastName429;1991-03-05
Name430;LastName430;1991-03-06
Name431;LastName431;1991-03-07
Name432;LastName432;1991-03-08
Name433;LastName433;1991-03-09
Name434;LastName434;1991-03-10
Name435;LastName435;1991-03-11
Name436;LastName436;1991-03-12
Name437;LastName437;1991-03-13
Name438;LastName438;1991-03-14
Name439;LastName439;1991-03-15
Name440;LastName440;1991-03-16
Name441;LastName441;1991-03-17
Name442;LastName442;1991-03-18
Name443;LastName443;1991-03-19
Name444;LastName444;1991-03-20
Name445;LastName445;1991-03-21
Name446;LastName446;1991-03-22
Name447;LastName447;1991-03-23
Name448;LastName448;1991-03-24
Name449;LastName449;1991-03-25
Name450;LastName450;1991-03-26
Name451;LastName451;1991-03-27
Name452;LastName452;1991-03-28
Name453;LastName453;1991-03-29
Name454;LastName454;1991-03-30
Name455;LastName455;1991-03-31
Name456;LastName456;1991-04-01
Name457;LastName457;1991-04-02
Name458;LastName458;1991-04-03
Name459;LastName459;1991-04-04
Name460;LastName460;1991-04-05
Name461;LastName461;1991-04-06
Name462;LastName462;1991-04-07
Name463;LastName463;1991-04-08
Name464;LastName464;1991-04-09
Name465;LastName465;1991-04-10
Name466;LastName466;1991-04-11
Name467;LastName467;1991-04-12
Name468;LastName468;1991-04-13
Name469;LastName469;1991-04-14
Name470;LastName470;1991-04-15
Name471;LastName471;1991-04-16
Name472;LastName472;1991-04-17
Name473;LastName473;1991-04-18
Name474;LastName474;1991-04-19
Name475;LastName475;1991-04-20
Name476;LastName476;1991-04-21
Name477;LastName477;1991-04-22
Name478;LastName478;1991-04-23
Name479;LastName479;1991-04-24
Name480;LastName480;1991-04-25
Name481;LastName481;1991-04-26
Name482;LastName482;1991-04-27
Name483;LastName483;1991-04-28
Name484;LastName484;1991-04-29
Name485;LastName485;1991-04-30
Name486;LastName486;1991-05-01
Name487;LastName487;1991-05-02
Name488;LastName488;1991-05-03
Name489;LastName489;1991-05-04
Name490;LastName490;1991-05-05
Name491;LastName491;1991-05-06
Name492;LastName492;1991-05-07
Name493;LastName493;1991-05-08
Name494;LastName494;1991-05-09
Name495;LastName495;1991-05-10
Name496;LastName496;1991-05-11
Name497;LastName497;1991-05-12
Name498;LastName498;1991-05-13
Name499;LastName499;1991-05-14
Name500;LastName500;1991-05-15
Name501;LastName501;1991-05-16
Name502;LastName502;1991-05-17
Name503;LastName503;1991-05-18
Name504;LastName504;1991-05-19
Name505;LastName505;1991-05-20
Name506;LastName506;1991-05-21
Name507;LastName507;1991-05-22
Name508;LastName508;1991-05-23
Name509;LastName509;1991-05-24
Name510;LastName510;1991-05-25
Name511;LastName511;1991-05-26
Name512;LastName512;1991-05-27
Name513;LastName513;1991-05-28
Name514;LastName514;1991-05-29
Name515;LastName515;1991-05-30
Name516;LastName516;1991-05-31
Name517;LastName517;1991-06-01
Name518;LastName518;1991-06-02
Name519;LastName519;1991-06-03
Name520;LastName520;1991-06-04
Name521;LastName521;1991-06-05
Name522;LastName522;1991-06-06
Name523;LastName523;1991-06-07
Name524;LastName524;1991-06-08
Name525;LastName525;1991-06-09
Name526;LastName526;1991-06-10
Name527;LastName527;1991-06-11
Name528;LastName528;1991-06-12
Name529;LastName529;1991-06-13
Name530;LastName530;1991-06-14
Name531;LastName531;1991-06-15
Name532;LastName532;1991-06-16
Name533;LastName533;1991-06-17
Name534;LastName534;1991-06-18
Name535;LastName535;1991-06-19
Name536;LastName536;1991-06-20
Name537;LastName537;1991-06-21
Name538;LastName538;1991-06-22
Name539;LastName539;1991-06-23
Name540;LastName540;1991-06-24
Name541;LastName541;1991-06-25
Name542;LastName542;1991-06-26
Name543;LastName543;1991-06-27
Name544;LastName544;1991-06-28
Name545;LastName545;1991-06-29
Name546;LastName546;1991-06-30
Name547;LastName547;1991-07-01
Name548;LastName548;1991-07-02
Name549;LastName549;1991-07-03
Name550;LastName550;1991-07-04
Name551;LastName551;1991-07-05
Name552;LastName552;1991-07-06
Name553;LastName553;1991-07-07
Name554;LastName554;1991-07-08
Name555;LastName555;1991-07-09
Name556;LastName556;1991-07-10
Name557;LastName557;1991-07-11
Name558;LastName558;1991-07-12
Name559;LastName559;1991-07-13
Name560;LastName560;1991-07-14
Name561;LastName561;1991-07-15
Name562;LastName562;1991-07-16
Name563;LastName563;1991-07-17
Name564;LastName564;1991-07-18
Name565;LastName565;1991-07-19
Name566;LastName566;1991-07-20
Name567;LastName567;1991-07-21
Name568;LastName568;1991-07-22
Name569;LastName569;1991-07-23
Name570;LastName570;1991-07-24
Name571;LastName571;1991-07-25
Name572;LastName572;1991-07-26
Name573;LastName573;1991-07-27
Name574;LastName574;1991-07-28
Name575;LastName575;1991-07-29
Name576;LastName576;1991-07-30
Name577;LastName577;1991-07-31
Name578;LastName578;1991-08-01
Name579;LastName579;1991-08-02
Name580;LastName580;1991-08-03
Name581;LastName581;1991-08-04
Name582;LastName582;1991-08-05
Name583;LastName583;1991-08-06
Name584;LastName584;1991-08-07
Name585;LastName585;1991-08-08
Name586;LastName586;1991-08-09
Name587;LastName587;1991-08-10
Name588;LastName588;1991-08-11
Name589;LastName589;1991-08-12
Name590;LastName590;1991-08-13
Name591;LastName591;1991-08-14
Name592;LastName592;1991-08-15
Name593;LastName593;1991-08-16
Name594;LastName594;1991-08-17
Name595;LastName595;1991-08-18
Name596;LastName596;1991-08-19
Name597;LastName597;1991-08-20
Name598;LastName598;1991-08-21
Name599;LastName599;1991-08-22
Name600;LastName600;1991-08-23
Name601;LastName601;1991-08-24
Name602;LastName602;1991-08-25
Name603;LastName603;1991-08-26
Name604;LastName604;1991-08-27
Name605;LastName605;1991-08-28
Name606;LastName606;1991-08-29
Name607;LastName607;1991-08-30
Name608;LastName608;1991-08-31
Name609;LastName609;1991-09-01
Name610;LastName610;1991-09-02
Name611;LastName611;1991-09-03
Name612;LastName612;1991-09-04
Name613;LastName613;1991-09-05
Name614;LastName614;1991-09-06
Name615;LastName615;1991-09-07
Name616;LastName616;1991-09-08
Name617;LastName617;1991-09-09
Name618;LastName618;1991-09-10
Name619;LastName619;1991-09-11
Name620;LastName620;1991-09-12
Name621;LastName621;1991-09-13
Name622;LastName622;1991-09-14
Name623;LastName623;1991-09-15
Name624;LastName624;1991-09-16
Name625;LastName625;1991-09-17
Name626;LastName626;1991-09-18
Name627;LastName627;1991-09-19
Name628;LastName628;1991-09-20
Name629;LastName629;1991-09-21
Name630;LastName630;1991-09-22
Name631;LastName631;1991-09-23
Name632;LastName632;1991-09-24
Name633;LastName633;1991-09-25
Name634;LastName634;1991-09-26
Name635;LastName635;1991-09-27
Name636;LastName636;1991-09-28
Name637;LastName637;1991-09-29
Name638;LastName638;1991-09-30
Name639;LastName639;1991-10-01
Name640;LastName640;1991-10-02
Name641;LastName641;1991-10-03
Name642;LastName642;1991-10-04
Name643;LastName643;1991-10-05
Name644;LastName644;1991-10-06
Name645;LastName645;1991-10-07
Name646;LastName646;1991-10-08
Name647;LastName647;1991-10-09
Name648;LastName648;1991-10-10
Name649;LastName649;1991-10-11
Name650;LastName650;1991-10-12
Name651;LastName651;1991-10-13
Name652;LastName652;1991-10-14
Name653;LastName653;1991-10-15
Name654;LastName654;1991-10-16
Name655;LastName655;1991-10-17
Name656;LastName656;1991-10-18
Name657;LastName657;1991-10-19
Name658;LastName658;1991-10-20
Name659;LastName659;1991-10-21
Name660;LastName660;1991-10-22
Name661;LastName661;1991-10-23
Name662;LastName662;1991-10-24
Name663;LastName663;1991-10-25
Name664;LastName664;1991-10-26
Name665;LastName665;1991-10-27
Name666;LastName666;1991-10-28
Name667;LastName667;1991-10-29
Name668;LastName668;1991-10-30
Name669;LastName669;1991-10-31
Name670;LastName670;1991-11-01
Name671;LastName671;1991-11-02
Name672;LastName672;1991-11-03
Name673;LastName673;1991-11-04
Name674;LastName674;1991-11-05
Name675;LastName675;1991-11-06
Name676;LastName676;1991-11-07
Name677;LastName677;1991-11-08
Name678;LastName678;1991-11-09
Name679;LastName679;1991-11-10
Name680;LastName680;1991-11-11
Name681;LastName681;1991-11-12
Name682;LastName682;1991-11-13
Name683;LastName683;1991-11-14
Name684;LastName684;1991-11-15
Name685;LastName685;1991-11-16
Name686;LastName686;1991-11-17
Name687;LastName687;1991-11-18
Name688;LastName688;1991-11-19
Name689;LastName689;1991-11-20
Name690;LastName690;1991-11-21
Name691;LastName691;1991-11-22
Name692;LastName692;1991-11-23
Name693;LastName693;1991-11-24
Name694;LastName694;1991-11-25
Name695;LastName695;1991-11-26
Name696;LastName696;1991-11-27
Name697;LastName697;1991-11-28
Name698;LastName698;1991-11-29
Name699;LastName699;1991-11-30
Name700;LastName700;1991-12-01
Name701;LastName701;1991-12-02
Name702;LastName702;1991-12-03
Name703;LastName703;1991-12-04
Name704;LastName704;1991-12-05
Name705;LastName705;1991-12-06
Name706;LastName706;1991-12-07
Name707;LastName707;1991-12-08
Name708;LastName708;1991-12-09
Name709;LastName709;1991-12-10
Name710;LastName710;1991-12-11
Name711;LastName711;1991-12-12
Name712;LastName712;1991-12-13
Name713;LastName713;1991-12-14
Name714;LastName714;1991-12-15
Name715;LastName715;1991-12-16
Name716;LastName716;1991-12-17
Name717;LastName717;1991-12-18
Name718;LastName718;1991-12-19
Name719;LastName719;1991-12-20
Name720;LastName720;1991-12-21
Name721;LastName721;1991-12-22
Name722;LastName722;1991-12-23
Name723;LastName723;1991-12-24
Name724;LastName724;1991-12-25
Name725;LastName725;1991-12-26
Name726;LastName726;1991-12-27
Name727;LastName727;1991-12-28
Name728;LastName728;1991-12-29
Name729;LastName729;1991-12-30
Name730;LastName730;1991-12-31
Name731;LastName731;1992-01-01
Name732;LastName732;1992-01-02
Name733;LastName733;1992-01-03
Name734;LastName734;1992-01-04
Name735;LastName735;1992-01-05
Name736;LastName736;1992-01-06
Name737;LastName737;1992-01-07
Name738;LastName738;1992-01-08
Name739;LastName739;1992-01-09
Name740;LastName740;1992-01-10
Name741;LastName741;1992-01-11
Name742;LastName742;1992-01-12
Name743;LastName743;1992-01-13
Name744;LastName744;1992-01-14
Name745;LastName745;1992-01-15
Name746;LastName746;1992-01-16
Name747;LastName747;1992-01-17
Name748;LastName748;1992-01-18
Name749;LastName749;1992-01-19
Name750;LastName750;1992-01-20
Name751;LastName751;1992-01-21
Name752;LastName752;1992-01-22
Name753;LastName753;1992-01-23
Name754;LastName754;1992-01-24
Name755;LastName755;1992-01-25
Name756;LastName756;1992-01-26
Name757;LastName757;1992-01-27
Name758;LastName758;1992-01-28
Name759;LastName759;1992-01-29
Name760;LastName760;1992-01-30
Name761;LastName761;1992-01-31
Name762;LastName762;1992-02-01
Name763;LastName763;1992-02-02
Name764;LastName764;1992-02-03
Name765;LastName765;1992-02-04
Name766;LastName766;1992-02-05
Name767;LastName767;1992-02-06
Name768;LastName768;1992-02-07
Name769;LastName769;1992-02-08
Name770;LastName770;1992-02-09
Name771;LastName771;1992-02-10
Name772;LastName772;1992-02-11
Name773;LastName773;1992-02-12
Name774;LastName774;1992-02-13
Name775;LastName775;1992-02-14
Name776;LastName776;1992-02-15
Name777;LastName777;1992-02-16
Name778;LastName778;1992-02-17
Name779;LastName779;1992-02-18
Name780;LastName780;1992-02-19
Name781;LastName781;1992-02-20
Name782;LastName782;1992-02-21
Name783;LastName783;1992-02-22
Name784;LastName784;1992-02-23
Name785;LastName785;1992-02-24
Name786;LastName786;1992-02-25
Name787;LastName787;1992-02-26
Name788;LastName788;1992-02-27
Name789;LastName789;1992-02-28
Name790;LastName790;1992-02-29
Name791;LastName791;1992-03-01
Name792;LastName792;1992-03-02
Name793;LastName793;1992-03-03
Name794;LastName794;1992-03-04
Name795;LastName795;1992-03-05
Name796;LastName796;1992-03-06
Name797;LastName797;1992-03-07
Name798;LastName798;1992-03-08
Name799;LastName799;1992-03-09
Name800;LastName800;1992-03-10
Name801;LastName801;1992-03-11
Name802;LastName802;1992-03-12
Name803;LastName803;1992-03-13
Name804;LastName804;1992-03-14
Name805;LastName805;1992-03-15
Name806;LastName806;1992-03-16
Name807;LastName807;1992-03-17
Name808;LastName808;1992-03-18
Name809;LastName809;1992-03-19
Name810;LastName810;1992-03-20
Name811;LastName811;1992-03-21
Name812;LastName812;1992-03-22
Name813;LastName813;1992-03-23
Name814;LastName814;1992-03-24
Name815;LastName815;1992-03-25
Name816;LastName816;1992-03-26
Name817;LastName817;1992-03-27
Name818;LastName818;1992-03-28
Name819;LastName819;1992-03-29
Name820;LastName820;1992-03-30
Name821;LastName821;1992-03-31
Name822;LastName822;1992-04-01
Name823;LastName823;1992-04-02
Name824;LastName824;1992-04-03
Name825;LastName825;1992-04-04
Name826;LastName826;1992-04-05
Name827;LastName827;1992-04-06
Name828;LastName828;1992-04-07
Name829;LastName829;1992-04-08
Name830;LastName830;1992-04-09
Name831;LastName831;1992-04-10
Name832;LastName832;1992-04-11
Name833;LastName833;1992-04-12
Name834;LastName834;1992-04-13
Name835;LastName835;1992-04-14
Name836;LastName836;1992-04-15
Name837;LastName837;1992-04-16
Name838;LastName838;1992-04-17
Name839;LastName839;1992-04-18
Name840;LastName840;1992-04-19
Name841;LastName841;1992-04-20
Name842;LastName842;1992-04-21
Name843;LastName843;1992-04-22
Name844;LastName844;1992-04-23
Name845;LastName845;1992-04-24
Name846;LastName846;1992-04-25
Name847;LastName847;1992-04-26
Name848;LastName848;1992-04-27
Name849;LastName849;1992-04-28
Name850;LastName850;1992-04-29
Name851;LastName851;1992-04-30
Name852;LastName852;1992-05-01
Name853;LastName853;1992-05-02
Name854;LastName854;1992-05-03
Name855;LastName855;1992-05-04
Name856;LastName856;1992-05-05
Name857;LastName857;1992-05-06
Name858;LastName858;1992-05-07
Name859;LastName859;1992-05-08
Name860;LastName860;1992-05-09
Name861;LastName861;1992-05-10
Name862;LastName862;1992-05-11
Name863;LastName863;1992-05-12
Name864;LastName864;1992-05-13
Name865;LastName865;1992-05-14
Name866;LastName866;1992-05-15
Name867;LastName867;1992-05-16
Name868;LastName868;1992-05-17
Name869;LastName869;1992-05-18
Name870;LastName870;1992-05-19
Name871;LastName871;1992-05-20
Name872;LastName872;1992-05-21
Name873;LastName873;1992-05-22
Name874;LastName874;1992-05-23
Name875;LastName875;1992-05-24
Name876;LastName876;1992-05-25
Name877;LastName877;1992-05-26
Name878;LastName878;1992-05-27
Name879;LastName879;1992-05-28
Name880;LastName880;1992-05-29
Name881;LastName881;1992-05-30
Name882;LastName882;1992-05-31
Name883;LastName883;1992-06-01
Name884;LastName884;1992-06-02
Name885;LastName885;1992-06-03
Name886;LastName886;1992-06-04
Name887;LastName887;1992-06-05
Name888;LastName888;1992-06-06
Name889;LastName889;1992-06-07
Name890;LastName890;1992-06-08
Name891;LastName891;1992-06-09
Name892;LastName892;1992-06-10
Name893;LastName893;1992-06-11
Name894;LastName894;1992-06-12
Name895;LastName895;1992-06-13
Name896;LastName896;1992-06-14
Name897;LastName897;1992-06-15
Name898;LastName898;1992-06-16
Name899;LastName899;1992-06-17
Name900;LastName900;1992-06-18
Name901;LastName901;1992-06-19
Name902;LastName902;1992-06-20
Name903;LastName903;1992-06-21
Name904;LastName904;1992-06-22
Name905;LastName905;1992-06-23
Name906;LastName906;1992-06-24
Name907;LastName907;1992-06-25
Name908;LastName908;1992-06-26
Name909;LastName909;1992-06-27
Name910;LastName910;1992-06-28
Name911;LastName911;1992-06-29
Name912;LastName912;1992-06-30
Name913;LastName913;1992-07-01
Name914;LastName914;1992-07-02
Name915;LastName915;1992-07-03
Name916;LastName916;1992-07-04
Name917;LastName917;1992-07-05
Name918;LastName918;1992-07-06
Name919;LastName919;1992-07-07
Name920;LastName920;1992-07-08
Name921;LastName921;1992-07-09
Name922;LastName922;1992-07-10
Name923;LastName923;1992-07-11
Name924;LastName924;1992-07-12
Name925;LastName925;1992-07-13
Name926;LastName926;1992-07-14
Name927;LastName927;1992-07-15
Name928;LastName928;1992-07-16
Name929;LastName929;1992-07-17
Name930;LastName930;1992-07-18
Name931;LastName931;1992-07-19
Name932;LastName932;1992-07-20
Name933;LastName933;1992-07-21
Name934;LastName934;1992-07-22
Name935;LastName935;1992-07-23
Name936;LastName936;1992-07-24
Name937;LastName937;1992-07-25
Name938;LastName938;1992-07-26
Name939;LastName939;1992-07-27
Name940;LastName940;1992-07-28
Name941;LastName941;1992-07-29
Name942;LastName942;1992-07-30
Name943;LastName943;1992-07-31
Name944;LastName944;1992-08-01
Name945;LastName945;1992-08-02
Name946;LastName946;1992-08-03
Name947;LastName947;1992-08-04
Name948;LastName948;1992-08-05
Name949;LastName949;1992-08-06
Name950;LastName950;1992-08-07
Name951;LastName951;1992-08-08
Name952;LastName952;1992-08-09
Name953;LastName953;1992-08-10
Name954;LastName954;1992-08-11
Name955;LastName955;1992-08-12
Name956;LastName956;1992-08-13
Name957;LastName957;1992-08-14
Name958;LastName958;1992-08-15
Name959;LastName959;1992-08-16
Name960;LastName960;1992-08-17
Name961;LastName961;1992-08-18
Name962;LastName962;1992-08-19
Name963;LastName963;1992-08-20
Name964;LastName964;1992-08-21
Name965;LastName965;1992-08-22
Name966;LastName966;1992-08-23
Name967;LastName967;1992-08-24
Name968;LastName968;1992-08-25
Name969;LastName969;1992-08-26
Name970;LastName970;1992-08-27
Name971;LastName971;1992-08-28
Name972;LastName972;1992-08-29
Name973;LastName973;1992-08-30
Name974;LastName974;1992-08-31
Name975;LastName975;1992-09-01
Name976;LastName976;1992-09-02
Name977;LastName977;1992-09-03
Name978;LastName978;1992-09-04
Name979;LastName979;1992-09-05
Name980;LastName980;1992-09-06
Name981;LastName981;1992-09-07
Name982;LastName982;1992-09-08
Name983;LastName983;1992-09-09
Name984;LastName984;1992-09-10
Name985;LastName985;1992-09-11
Name986;LastName986;1992-09-12
Name987;LastName987;1992-09-13
Name988;LastName988;1992-09-14
Name989;LastName989;1992-09-15
Name990;LastName990;1992-09-16
Name991;LastName991;1992-09-17
Name992;LastName992;1992-09-18
Name993;LastName993;1992-09-19
Name994;LastName994;1992-09-20
Name995;LastName995;1992-09-21
Name996;LastName996;1992-09-22
Name997;LastName997;1992-09-23
Name998;LastName998;1992-09-24
Name999;LastName999;1992-09-25
Name1000;LastName1000;1992-09-26
Name1001;LastName1001;1992-09-27
